Price;Adj Close;Adj Close;Adj Close;Adj Close;Adj Close;Adj Close;Close;Close;Close;Close;Close;Close;High;High;High;High;High;High;Low;Low;Low;Low;Low;Low;Open;Open;Open;Open;Open;Open;Volume;Volume;Volume;Volume;Volume;Volume
Ticker;AAPL;AMZN;GOOG;META;MSFT;NVDA;AAPL;AMZN;GOOG;META;MSFT;NVDA;AAPL;AMZN;GOOG;META;MSFT;NVDA;AAPL;AMZN;GOOG;META;MSFT;NVDA;AAPL;AMZN;GOOG;META;MSFT;NVDA;AAPL;AMZN;GOOG;META;MSFT;NVDA
2024-05-21 00:00:00+00:00;191.91647338867188;183.14999389648438;179.10015869140625;463.72674560546875;427.41253662109375;95.36344146728516;192.35000610351562;183.14999389648438;179.5399932861328;464.6300048828125;429.0400085449219;95.38600158691406;192.72999572753906;183.25999450683594;179.82000732421875;470.70001220703125;432.9700012207031;95.4000015258789;190.9199981689453;180.75;177.30999755859375;462.2699890136719;424.8500061035156;93.18000030517578;191.08999633789062;182.3000030517578;178.39999389648438;467.1199951171875;426.8299865722656;93.5989990234375;42309400;50839100;14706000;11742200;21453300;328946000
2024-05-22 00:00:00+00:00;190.46974182128906;183.1300048828125;177.56393432617188;466.8706359863281;428.8869323730469;94.92754364013672;190.89999389648438;183.1300048828125;178.0;467.7799987792969;430.5199890136719;94.94999694824219;192.82000732421875;185.22000122070312;178.8520050048828;473.7200012207031;432.4100036621094;96.0199966430664;190.27000427246094;181.97000122070312;176.77999877929688;465.6499938964844;427.1300048828125;93.2490005493164;192.27000427246094;183.8800048828125;178.39999389648438;467.8699951171875;430.0899963378906;95.45899963378906;34648500;28148800;16189400;10078600;18073700;548648000
2024-05-23 00:00:00+00:00;186.45880126953125;181.0500030517578;174.63113403320312;464.87451171875;425.3802795410156;103.77445220947266;186.8800048828125;181.0500030517578;175.05999755859375;465.7799987792969;427.0;103.79900360107422;191.0;184.75999450683594;179.91000366210938;474.3599853515625;433.6000061035156;106.31999969482422;186.6300048828125;180.0800018310547;174.5399932861328;461.5400085449219;425.4200134277344;101.5199966430664;190.97999572753906;183.66000366210938;178.77999877929688;472.8800048828125;432.9700012207031;102.02799987792969;51005900;33670200;14928400;11747900;17211700;835065000
2024-05-24 00:00:00+00:00;189.5518035888672;180.75;175.8980255126953;477.29034423828125;428.5283203125;106.44381713867188;189.97999572753906;180.75;176.3300018310547;478.2200012207031;430.1600036621094;106.46900177001953;190.5800018310547;182.44000244140625;177.3040008544922;479.8500061035156;431.05999755859375;106.4749984741211;188.0399932861328;180.3000030517578;175.1999969482422;466.29998779296875;424.4100036621094;103.0;188.82000732421875;181.64999389648438;176.52000427246094;467.6199951171875;427.19000244140625;104.4489974975586;36294600;27434100;11400600;12012300;11845800;429494000
2024-05-28 00:00:00+00:00;189.56179809570312;182.14999389648438;177.58387756347656;478.987060546875;428.6877136230469;113.87405395507812;189.99000549316406;182.14999389648438;178.02000427246094;479.9200134277344;430.32000732421875;113.9010009765625;193.0;182.24000549316406;178.50999450683594;480.8599853515625;430.82000732421875;114.93900299072266;189.10000610351562;179.49000549316406;175.67999267578125;474.8399963378906;426.6000061035156;109.88300323486328;191.50999450683594;179.92999267578125;175.74000549316406;476.5799865722656;429.6300048828125;110.24400329589844;52280100;29927000;15655300;10175800;15718000;652728000
2024-05-29 00:00:00+00:00;189.86111450195312;182.02000427246094;176.96539306640625;473.4378356933594;427.5420837402344;114.79783630371094;190.2899932861328;182.02000427246094;177.39999389648438;474.3599853515625;429.1700134277344;114.82499694824219;192.25;184.0800018310547;178.22999572753906;479.8500061035156;430.94000244140625;115.49199676513672;189.50999450683594;181.5500030517578;176.25999450683594;473.70001220703125;425.69000244140625;110.9010009765625;189.61000061035156;181.6999969482422;176.80999755859375;474.6600036621094;425.69000244140625;113.05000305175781;53068000;32009300;15023800;9226200;15517100;557442000
2024-05-30 00:00:00+00:00;190.85885620117188;179.32000732421875;173.1348114013672;466.14202880859375;413.0970764160156;110.47386169433594;191.2899932861328;179.32000732421875;173.55999755859375;467.04998779296875;414.6700134277344;110.5;192.17999267578125;181.33999633789062;176.69000244140625;471.7300109863281;424.29998779296875;115.81900024414062;190.6300048828125;178.36000061035156;173.22999572753906;464.7099914550781;414.239990234375;109.66300201416016;190.75999450683594;181.30999755859375;176.69000244140625;471.6700134277344;424.29998779296875;114.6500015258789;49947900;29249200;18844000;10735200;28424800;487350000
2024-05-31 00:00:00+00:00;191.8166961669922;176.44000244140625;173.53382873535156;465.9224853515625;413.5553283691406;109.60707092285156;192.25;176.44000244140625;173.9600067138672;466.8299865722656;415.1300048828125;109.63300323486328;192.57000732421875;179.2100067138672;174.4199981689453;469.1199951171875;416.75;112.71700286865234;189.91000366210938;173.8699951171875;170.97000122070312;454.4599914550781;404.510009765625;106.94000244140625;191.44000244140625;178.3000030517578;173.39999389648438;465.79998779296875;416.75;112.5199966430664;75158300;58903900;28085200;16919800;47995300;613263000
2024-06-03 00:00:00+00:00;193.59266662597656;178.33999633789062;173.99270629882812;476.5617370605469;411.951416015625;114.97279357910156;194.02999877929688;178.33999633789062;174.4199981689453;477.489990234375;413.5199890136719;115.0;194.99000549316406;178.6999969482422;175.86000061035156;479.6000061035156;416.42999267578125;115.0;192.52000427246094;175.9199981689453;172.4499969482422;468.239990234375;408.9200134277344;112.00299835205078;192.89999389648438;177.6999969482422;173.8800048828125;470.8599853515625;415.5299987792969;113.62100219726562;50080500;30786600;20742800;11279400;17484700;438392000
2024-06-04 00:00:00+00:00;193.91195678710938;179.33999633789062;174.70095825195312;476.0627136230469;414.49176025390625;116.40946197509766;194.35000610351562;179.33999633789062;175.1300048828125;476.989990234375;416.07000732421875;116.43699645996094;195.32000732421875;179.82000732421875;175.19000244140625;478.8900146484375;416.44000244140625;116.5999984741211;193.02999877929688;176.44000244140625;173.22000122070312;473.2300109863281;409.67999267578125;114.04499816894531;194.63999938964844;177.63999938964844;174.4499969482422;477.0;412.42999267578125;115.71600341796875;47471400;27198400;14066600;7088700;14348900;403324000
2024-06-05 00:00:00+00:00;195.42852783203125;181.27999877929688;176.63621520996094;494.09759521484375;422.4016418457031;122.4110336303711;195.8699951171875;181.27999877929688;177.07000732421875;495.05999755859375;424.010009765625;122.44000244140625;196.89999389648438;181.5;177.97000122070312;496.6499938964844;424.0799865722656;122.4489974975586;194.8699951171875;178.75;175.2899932861328;483.9100036621094;416.29998779296875;117.46800231933594;195.39999389648438;180.10000610351562;176.53500366210938;484.45001220703125;417.80999755859375;118.37100219726562;54156800;32116400;15233900;15690500;16988000;528402000
2024-06-06 00:00:00+00:00;194.04165649414062;185.0;177.9130859375;492.8001403808594;422.90966796875;120.96937561035156;194.47999572753906;185.0;178.35000610351562;493.760009765625;424.5199890136719;120.99800109863281;196.5;185.0;178.7100067138672;502.82000732421875;425.30999755859375;125.58699798583984;194.1699981689453;181.49000549316406;177.2100067138672;490.8900146484375;420.5799865722656;118.31999969482422;195.69000244140625;181.75;177.42999267578125;492.9800109863281;424.010009765625;124.0479965209961;41181800;31371200;14255800;10667300;14861300;664696000
2024-06-07 00:00:00+00:00;196.4462432861328;184.3000030517578;175.51895141601562;492.0016784667969;422.24224853515625;120.85940551757812;196.88999938964844;184.3000030517578;175.9499969482422;492.9599914550781;423.8500061035156;120.88800048828125;196.94000244140625;186.2899932861328;179.4199981689453;498.9100036621094;426.2799987792969;121.69200134277344;194.13999938964844;183.36000061035156;175.7899932861328;490.1700134277344;423.0;118.02200317382812;194.64999389648438;184.89999389648438;178.4600067138672;495.9100036621094;426.20001220703125;119.7699966430664;53103900;28021500;14716300;9380700;13621700;412386000
2024-06-10 00:00:00+00:00;192.68472290039062;187.05999755859375;176.39779663085938;501.6229553222656;426.2469787597656;121.76119232177734;193.1199951171875;187.05999755859375;176.6300048828125;502.6000061035156;427.8699951171875;121.79000091552734;197.3000030517578;187.22999572753906;178.47000122070312;502.6600036621094;428.0799865722656;123.0999984741211;192.14999389648438;183.7899932861328;174.3800048828125;493.4100036621094;423.8900146484375;117.01000213623047;196.89999389648438;184.07000732421875;176.4499969482422;493.8599853515625;424.70001220703125;120.37000274658203;97262100;34494500;17122200;11236900;14003000;314162700
2024-06-11 00:00:00+00:00;206.68310546875;187.22999572753906;177.95574951171875;506.48345947265625;431.0387268066406;120.89132690429688;207.14999389648438;187.22999572753906;178.19000244140625;507.4700012207031;432.67999267578125;120.91000366210938;207.16000366210938;187.77000427246094;178.38999938964844;507.6000061035156;432.82000732421875;122.87000274658203;193.6300048828125;184.5399932861328;175.44000244140625;498.2699890136719;425.25;118.73999786376953;193.64999389648438;187.05999755859375;177.72000122070312;500.1600036621094;425.4800109863281;121.7699966430664;172373300;27265100;14402400;9673700;14551100;222551200
2024-06-12 00:00:00+00:00;212.58978271484375;186.88999938964844;179.32394409179688;507.8507995605469;439.386962890625;125.18065643310547;213.07000732421875;186.88999938964844;179.55999755859375;508.8399963378906;441.05999755859375;125.19999694824219;220.1999969482422;188.35000610351562;182.0800018310547;514.010009765625;443.3999938964844;126.87999725341797;206.89999389648438;185.42999267578125;177.77999877929688;504.4700012207031;433.25;122.56999969482422;207.3699951171875;188.02000427246094;179.75;513.989990234375;435.32000732421875;123.05999755859375;198134300;33984200;18600400;11983200;22366200;299595000
2024-06-13 00:00:00+00:00;213.75714111328125;183.8300018310547;176.50765991210938;503.1200256347656;439.9049987792969;129.58998107910156;214.24000549316406;183.8300018310547;176.74000549316406;504.1000061035156;441.5799865722656;129.61000061035156;216.75;187.6699981689453;178.50999450683594;509.3599853515625;443.3900146484375;129.8000030517578;211.60000610351562;182.6699981689453;176.66000366210938;501.3599853515625;439.3699951171875;127.16000366210938;214.74000549316406;186.08999633789062;177.83999633789062;505.7099914550781;440.8500061035156;129.38999938964844;97862700;39721500;15956900;9954600;15960600;260704500
2024-06-14 00:00:00+00:00;212.01107788085938;183.66000366210938;178.135498046875;503.67950439453125;440.8912353515625;131.85964965820312;212.49000549316406;183.66000366210938;178.3699951171875;504.1600036621094;442.57000732421875;131.8800048828125;215.1699981689453;183.72000122070312;178.72999572753906;507.1499938964844;443.1400146484375;132.83999633789062;211.3000030517578;182.22999572753906;175.8520050048828;500.75;436.7200012207031;128.32000732421875;213.85000610351562;183.0800018310547;175.8520050048828;502.6499938964844;438.2799987792969;129.9600067138672;70122700;25456400;12361600;10243300;13582000;309320400
2024-06-17 00:00:00+00:00;216.18165588378906;184.05999755859375;178.5449676513672;506.14715576171875;446.6692199707031;130.95977783203125;216.6699981689453;184.05999755859375;178.77999877929688;506.6300048828125;448.3699951171875;130.97999572753906;218.9499969482422;185.0;179.9199981689453;510.75;450.94000244140625;133.72999572753906;212.72000122070312;181.22000122070312;176.49000549316406;496.010009765625;440.7200012207031;129.5800018310547;213.3699951171875;182.52000427246094;176.97999572753906;501.6700134277344;442.5899963378906;132.99000549316406;93728300;35601900;15272900;11266600;20790000;288504400
2024-06-18 00:00:00+00:00;213.8070068359375;182.80999755859375;176.21803283691406;499.0139465332031;444.6469421386719;135.55906677246094;214.2899932861328;182.80999755859375;176.4499969482422;499.489990234375;446.3399963378906;135.5800018310547;218.6300048828125;184.2899932861328;178.91000366210938;506.0;450.1400146484375;136.3300018310547;213.0;181.42999267578125;175.6199951171875;495.0199890136719;444.8900146484375;130.69000244140625;217.58999633789062;183.74000549316406;178.7899932861328;504.55999755859375;449.7099914550781;131.13999938964844;79943300;36659200;15640300;13060400;17112500;294335100
2024-06-20 00:00:00+00:00;209.20741271972656;186.10000610351562;177.47637939453125;501.22186279296875;444.0093688964844;130.75979614257812;209.67999267578125;186.10000610351562;177.7100067138672;501.70001220703125;445.70001220703125;130.77999877929688;214.24000549316406;186.50999450683594;178.74000549316406;503.6700134277344;446.5299987792969;140.75999450683594;208.85000610351562;182.72000122070312;176.4600067138672;496.7699890136719;441.2699890136719;129.52000427246094;213.92999267578125;182.91000366210938;176.7100067138672;502.0;446.29998779296875;139.8000030517578;86172500;44726800;16753200;11801200;19877400;517768400
2024-06-21 00:00:00+00:00;207.02235412597656;189.0800018310547;180.02301025390625;494.3084411621094;448.0738830566406;126.55045318603516;207.49000549316406;189.0800018310547;180.25999450683594;494.7799987792969;449.7799987792969;126.56999969482422;211.88999938964844;189.27999877929688;182.51199340820312;503.45001220703125;450.5799865722656;130.6300048828125;207.11000061035156;185.86000061035156;178.05999755859375;492.3900146484375;446.510009765625;124.30000305175781;210.38999938964844;187.8000030517578;178.49000549316406;503.45001220703125;447.3800048828125;127.12000274658203;246421400;72931800;59728000;23130700;34486200;655484700
2024-06-24 00:00:00+00:00;207.67086791992188;185.57000732421875;180.5523223876953;498.43450927734375;445.9718933105469;118.09175872802734;208.13999938964844;185.57000732421875;180.7899932861328;498.9100036621094;447.6700134277344;118.11000061035156;212.6999969482422;191.0;182.0800018310547;507.79998779296875;452.75;124.45999908447266;206.58999633789062;185.3300018310547;180.22999572753906;494.2900085449219;446.4100036621094;118.04000091552734;207.72000122070312;189.3300018310547;181.27999877929688;499.20001220703125;449.79998779296875;123.23999786376953;80727000;50610400;18198300;13525300;15913700;476060900
2024-06-25 00:00:00+00:00;208.59878540039062;186.33999633789062;185.33602905273438;510.1133728027344;449.23944091796875;126.07051849365234;209.07000732421875;186.33999633789062;185.5800018310547;510.6000061035156;450.95001220703125;126.08999633789062;211.3800048828125;188.83999633789062;185.75;510.7099914550781;451.4200134277344;126.5;208.61000061035156;185.4199981689453;181.10499572753906;495.5;446.75;119.31999969482422;209.14999389648438;186.80999755859375;181.14500427246094;497.04998779296875;448.25;121.19999694824219;56713900;45898500;18917700;12109800;16747500;425787500
2024-06-26 00:00:00+00:00;212.7693634033203;193.61000061035156;185.1262969970703;512.6309814453125;450.4448547363281;126.38048553466797;213.25;193.61000061035156;185.3699951171875;513.1199951171875;452.1600036621094;126.4000015258789;214.86000061035156;194.8000030517578;185.92999267578125;513.8099975585938;453.6000061035156;128.1199951171875;210.63999938964844;186.25999450683594;183.99000549316406;504.67999267578125;448.19000244140625;122.5999984741211;211.5;186.9199981689453;184.1999969482422;506.6499938964844;449.0;126.12999725341797;66213200;65103900;13375700;8882300;16507000;362975900
2024-06-27 00:00:00+00:00;213.61746215820312;197.85000610351562;186.61434936523438;519.0648193359375;451.13226318359375;123.9708480834961;214.10000610351562;197.85000610351562;186.86000061035156;519.5599975585938;452.8500061035156;123.98999786376953;215.74000549316406;199.83999633789062;187.5;522.8800048828125;456.1700134277344;126.41000366210938;212.35000610351562;194.1999969482422;185.4499969482422;513.9000244140625;451.7699890136719;122.91999816894531;214.69000244140625;195.00999450683594;185.64500427246094;514.25;452.17999267578125;124.0999984741211;49772700;74397500;13025700;10121200;14806300;252571700
2024-06-28 00:00:00+00:00;210.14527893066406;193.25;183.17886352539062;503.73944091796875;445.254638671875;123.52091979980469;210.6199951171875;193.25;183.4199981689453;504.2200012207031;446.95001220703125;123.54000091552734;216.07000732421875;198.85000610351562;186.5800018310547;521.8800048828125;455.3800048828125;127.70999908447266;210.3000030517578;192.5;183.3249969482422;503.8399963378906;446.4100036621094;122.75;215.77000427246094;197.72999572753906;185.72000122070312;517.1500244140625;453.07000732421875;124.58000183105469;82542700;76930200;23032400;15855100;28362300;315516700
2024-07-01 00:00:00+00:00;216.261474609375;197.1999969482422;184.24746704101562;504.1990051269531;454.9975280761719;124.28080749511719;216.75;197.1999969482422;184.49000549316406;504.67999267578125;456.7300109863281;124.30000305175781;217.50999450683594;198.3000030517578;185.33999633789062;506.5799865722656;457.3699951171875;124.83999633789062;211.9199981689453;192.82000732421875;182.72999572753906;493.1700134277344;445.6600036621094;118.83000183105469;212.08999633789062;193.49000549316406;184.47999572753906;504.95001220703125;448.6600036621094;123.47000122070312;60402900;41192000;11815900;10328200;17662800;284885500
2024-07-02 00:00:00+00:00;219.77354431152344;200.0;186.3646697998047;509.014404296875;457.537841796875;122.65105438232422;220.27000427246094;200.0;186.61000061035156;509.5;459.2799987792969;122.66999816894531;220.3800048828125;200.42999267578125;186.9499969482422;510.5;459.5899963378906;123.41000366210938;215.10000610351562;195.92999267578125;183.05999755859375;499.45001220703125;453.1099853515625;121.02999877929688;216.14999389648438;197.27999877929688;183.47000122070312;500.760009765625;453.20001220703125;121.12999725341797;58046200;45600000;12555500;7739500;13979800;218374000
2024-07-03 00:00:00+00:00;221.0506591796875;197.58999633789062;187.14364624023438;509.4739685058594;459.0221862792969;128.26019287109375;221.5500030517578;197.58999633789062;187.38999938964844;509.9599914550781;460.7699890136719;128.27999877929688;221.5500030517578;200.02999877929688;187.6199951171875;511.2799987792969;461.0199890136719;128.27999877929688;219.02999877929688;196.75999450683594;185.38499450683594;506.0199890136719;457.8800048828125;121.36000061035156;220.0;199.94000244140625;186.3000030517578;506.3699951171875;458.19000244140625;121.66000366210938;37369800;31597900;7409100;6005600;9932800;215749000
2024-07-05 00:00:00+00:00;225.82984924316406;200.0;191.7076416015625;539.3953857421875;465.78643798828125;125.8105697631836;226.33999633789062;200.0;191.9600067138672;539.9099731445312;467.55999755859375;125.83000183105469;226.4499969482422;200.5500030517578;192.25999450683594;540.8699951171875;468.3500061035156;128.85000610351562;221.64999389648438;198.1699981689453;187.32000732421875;511.6000061035156;458.9700012207031;125.68000030517578;221.64999389648438;198.64999389648438;187.32000732421875;511.6000061035156;459.6099853515625;127.37999725341797;60412400;39858900;14303400;21354100;16000300;214176700
2024-07-08 00:00:00+00:00;227.30653381347656;199.2899932861328;190.22958374023438;528.8155517578125;464.471435546875;128.18019104003906;227.82000732421875;199.2899932861328;190.47999572753906;529.3200073242188;466.239990234375;128.1999969482422;227.85000610351562;201.1999969482422;191.6790008544922;542.8099975585938;467.70001220703125;130.77000427246094;223.25;197.9600067138672;189.32000732421875;526.6500244140625;464.4599914550781;127.04000091552734;227.08999633789062;200.0399932861328;191.36500549316406;542.3499755859375;466.54998779296875;127.48999786376953;59085900;34767300;12097600;14917500;12962300;237677300
2024-07-09 00:00:00+00:00;228.16458129882812;199.33999633789062;190.18963623046875;529.494873046875;457.796875;131.35972595214844;228.67999267578125;199.33999633789062;190.44000244140625;530.0;459.5400085449219;131.3800048828125;229.39999389648438;200.57000732421875;192.86000061035156;537.47998046875;467.3299865722656;133.82000732421875;226.3699951171875;199.0500030517578;190.22999572753906;528.1900024414062;458.0;128.64999389648438;227.92999267578125;199.39999389648438;191.75;533.75;467.0;130.35000610351562;48076100;32700100;10198500;8753200;17207200;285366600
2024-07-10 00:00:00+00:00;232.4548797607422;199.7899932861328;192.40672302246094;534.180419921875;464.4814147949219;134.88917541503906;232.97999572753906;199.7899932861328;192.66000366210938;534.6900024414062;466.25;134.91000366210938;233.0800018310547;200.11000061035156;193.30999755859375;538.8800048828125;466.4599914550781;135.10000610351562;229.25;197.69000244140625;190.6199951171875;528.3599853515625;458.8599853515625;132.4199981689453;229.3000030517578;200.0;190.75;530.7899780273438;461.2200012207031;134.02999877929688;62627700;32883800;12052900;10983300;18196100;248978600
2024-07-11 00:00:00+00:00;227.05709838867188;195.0500030517578;187.05377197265625;512.2113647460938;452.9752502441406;127.38033294677734;227.57000732421875;195.0500030517578;187.3000030517578;512.7000122070312;454.70001220703125;127.4000015258789;232.38999938964844;200.27000427246094;192.41000366210938;535.4600219726562;464.7799987792969;136.14999389648438;225.77000427246094;192.86000061035156;186.82000732421875;508.3699951171875;451.54998779296875;127.05000305175781;231.38999938964844;200.08999633789062;191.33999633789062;530.8900146484375;462.9800109863281;135.75;64710600;44565000;16452000;16458300;23111200;374782700
2024-07-12 00:00:00+00:00;230.0203857421875;194.49000549316406;186.53445434570312;498.39453125;451.8295593261719;129.2200469970703;230.5399932861328;194.49000549316406;186.77999877929688;498.8699951171875;453.54998779296875;129.24000549316406;232.63999938964844;196.47000122070312;188.69000244140625;508.0899963378906;456.3599853515625;131.9199981689453;228.67999267578125;193.8300018310547;186.13999938964844;494.2300109863281;450.6499938964844;127.22000122070312;228.9199981689453;194.8000030517578;186.9199981689453;497.760009765625;454.3299865722656;128.25999450683594;53046500;30598500;14449100;19750500;16324300;252680500
2024-07-15 00:00:00+00:00;233.87168884277344;192.72000122070312;187.94259643554688;495.6871337890625;452.2380065917969;128.420166015625;234.39999389648438;192.72000122070312;188.19000244140625;496.1600036621094;453.9599914550781;128.44000244140625;237.22999572753906;196.19000244140625;189.89999389648438;506.67999267578125;457.260009765625;131.38999938964844;233.08999633789062;190.8300018310547;186.49000549316406;493.3699951171875;451.42999267578125;127.18000030517578;236.47999572753906;194.55999755859375;186.49000549316406;498.6300048828125;453.29998779296875;130.55999755859375;62631300;40683200;12186000;12539200;14429400;208326200
2024-07-16 00:00:00+00:00;234.29075622558594;193.02000427246094;185.25613403320312;489.3232116699219;447.8148498535156;126.34048461914062;234.82000732421875;193.02000427246094;185.5;489.7900085449219;449.5199890136719;126.36000061035156;236.27000427246094;196.6199951171875;190.33999633789062;503.95001220703125;454.29998779296875;129.0399932861328;232.3300018310547;192.24000549316406;185.1199951171875;485.7900085449219;446.6600036621094;124.58000183105469;235.0;195.58999633789062;188.9600067138672;501.5;454.2200012207031;128.44000244140625;43234300;33994700;12760100;14075800;17175700;214769500
2024-07-17 00:00:00+00:00;228.3641357421875;187.92999267578125;182.37991333007812;461.5496826171875;441.8376159667969;117.97177124023438;228.8800048828125;187.92999267578125;182.6199951171875;461.989990234375;443.5199890136719;117.98999786376953;231.4600067138672;191.5800018310547;185.22999572753906;479.1700134277344;444.8500061035156;121.8499984741211;226.63999938964844;185.99000549316406;181.6199951171875;459.1199951171875;439.17999267578125;116.72000122070312;229.4499969482422;191.35000610351562;184.67999267578125;479.1700134277344;442.5899963378906;121.3499984741211;57345900;48076100;17376600;28076600;21778000;390086200
2024-07-18 00:00:00+00:00;223.67471313476562;183.75;178.98439025878906;475.396484375;438.6995849609375;121.0712890625;224.17999267578125;183.75;179.22000122070312;475.8500061035156;440.3699951171875;121.08999633789062;230.44000244140625;189.67999267578125;184.0500030517578;479.239990234375;444.6499938964844;122.4000015258789;222.27000427246094;181.4499969482422;178.2100067138672;464.5400085449219;434.3999938964844;116.55999755859375;230.27999877929688;189.58999633789062;183.5399932861328;475.0;444.3399963378906;121.8499984741211;66034600;51043600;17877200;19267200;20794800;320979500
2024-07-19 00:00:00+00:00;223.80442810058594;183.1300048828125;179.15415954589844;476.3356018066406;435.4519348144531;117.91178894042969;224.30999755859375;183.1300048828125;179.38999938964844;476.7900085449219;437.1099853515625;117.93000030517578;226.8000030517578;184.92999267578125;181.97000122070312;486.7099914550781;441.1400146484375;121.5999984741211;223.27999877929688;180.11000061035156;178.86000061035156;475.7099914550781;432.0;117.37000274658203;224.82000732421875;181.13999938964844;180.3699951171875;476.05999755859375;433.1000061035156;120.3499984741211;49151500;43081800;14485900;15149400;20940400;217223800
2024-07-22 00:00:00+00:00;223.45523071289062;182.5500030517578;183.1089630126953;486.9354553222656;441.2598571777344;123.52091979980469;223.9600067138672;182.5500030517578;183.35000610351562;487.3999938964844;442.94000244140625;123.54000091552734;227.77999877929688;185.05999755859375;184.3000030517578;492.05999755859375;444.6000061035156;124.06999969482422;223.08999633789062;182.47999572753906;181.89999389648438;483.8999938964844;438.9100036621094;119.86000061035156;227.00999450683594;185.0;182.35000610351562;486.5799865722656;441.7900085449219;120.3499984741211;48201800;39931900;16303900;12023100;15808800;258068900
2024-07-23 00:00:00+00:00;224.5028533935547;186.41000366210938;183.358642578125;488.2242431640625;443.16259765625;122.5710678100586;225.00999450683594;186.41000366210938;183.60000610351562;488.69000244140625;444.8500061035156;122.58999633789062;226.94000244140625;189.38999938964844;185.22000122070312;495.2200012207031;448.3900146484375;124.69000244140625;222.67999267578125;183.55999755859375;183.3300018310547;487.7200012207031;443.1000061035156;122.0999984741211;224.3699951171875;184.10000610351562;183.83999633789062;489.8399963378906;443.8999938964844;122.77999877929688;39960300;47537700;23772600;9455500;13107100;173911000
2024-07-24 00:00:00+00:00;218.04742431640625;180.8300018310547;174.14076232910156;460.8303527832031;427.2731018066406;114.23235321044922;218.5399932861328;180.8300018310547;174.3699951171875;461.2699890136719;428.8999938964844;114.25;224.8000030517578;185.4499969482422;177.9499969482422;476.29998779296875;441.4800109863281;119.94999694824219;217.1300048828125;180.41000366210938;173.57000732421875;460.5799865722656;427.5899963378906;113.44000244140625;224.0;183.1999969482422;175.38999938964844;472.30999755859375;440.45001220703125;119.16999816894531;61777600;41532400;31250700;17649700;26805800;327776900
2024-07-25 00:00:00+00:00;216.99981689453125;179.85000610351562;168.9376220703125;452.9778747558594;416.8128967285156;112.26265716552734;217.49000549316406;179.85000610351562;169.16000366210938;453.4100036621094;418.3999938964844;112.27999877929688;220.85000610351562;183.89999389648438;175.1999969482422;463.54998779296875;429.79998779296875;116.62999725341797;214.6199951171875;176.8000030517578;169.0500030517578;442.6499938964844;417.510009765625;106.30000305175781;218.92999267578125;182.91000366210938;174.25;463.260009765625;428.79998779296875;113.04000091552734;51391200;44464200;28967900;18240500;29943800;460067000
2024-07-26 00:00:00+00:00;217.46875;182.5;168.45823669433594;465.25616455078125;423.6568298339844;113.04253387451172;217.9600067138672;182.5;168.67999267578125;465.70001220703125;425.2699890136719;113.05999755859375;219.49000549316406;183.19000244140625;169.83999633789062;469.7699890136719;428.9200134277344;116.19999694824219;216.00999450683594;180.24000549316406;165.86500549316406;459.4200134277344;417.2699890136719;111.58000183105469;218.6999969482422;180.38999938964844;168.77000427246094;464.20001220703125;418.20001220703125;116.19000244140625;41601300;29506000;25150100;14222400;23583800;293399100
2024-07-29 00:00:00+00:00;217.7481231689453;183.1999969482422;170.905029296875;465.2661437988281;425.111328125;111.57276153564453;218.24000549316406;183.1999969482422;171.1300048828125;465.7099914550781;426.7300109863281;111.58999633789062;219.3000030517578;184.75;172.16000366210938;473.9599914550781;432.1499938964844;116.27999877929688;215.75;182.3800048828125;169.72000122070312;465.0199890136719;424.70001220703125;111.30000305175781;216.9600067138672;183.83999633789062;170.5;469.8800048828125;431.5799865722656;113.69000244140625;36311800;33270100;13768900;11339600;15125800;248152100
2024-07-30 00:00:00+00:00;218.30685424804688;181.7100067138672;171.63406372070312;462.74853515625;421.3157958984375;103.71398162841797;218.8000030517578;181.7100067138672;171.86000061035156;463.19000244140625;422.9200134277344;103.7300033569336;220.3300018310547;185.86000061035156;172.9499969482422;472.7300109863281;429.04998779296875;111.98999786376953;216.1199951171875;179.3800048828125;170.1199951171875;456.70001220703125;417.3599853515625;102.54000091552734;219.19000244140625;184.72000122070312;171.8300018310547;467.0;427.7200012207031;111.5199966430664;41643800;39508600;13681400;11390400;32687600;486833300
2024-07-31 00:00:00+00:00;221.5794677734375;186.97999572753906;172.92236328125;474.37744140625;416.7630920410156;117.00192260742188;222.0800018310547;186.97999572753906;173.14999389648438;474.8299865722656;418.3500061035156;117.0199966430664;223.82000732421875;187.94000244140625;175.91000366210938;476.5;421.7799987792969;118.33999633789062;220.6300048828125;184.4600067138672;171.72000122070312;466.75;412.2099914550781;110.87999725341797;221.44000244140625;185.0500030517578;174.9199981689453;471.0199890136719;420.5;112.9000015258789;50036300;41667300;15650200;24285800;42891400;473174200
2024-08-01 00:00:00+00:00;217.8678436279297;184.07000732421875;172.22328186035156;497.2655944824219;415.52777099609375;109.1931381225586;218.36000061035156;184.07000732421875;172.4499969482422;497.739990234375;417.1099853515625;109.20999908447266;224.47999572753906;190.60000610351562;175.67999267578125;527.1699829101562;427.4599914550781;120.16000366210938;217.02000427246094;181.8699951171875;170.50999450683594;492.1000061035156;413.0899963378906;106.80999755859375;224.3699951171875;189.2899932861328;171.97999572753906;521.0;420.7900085449219;117.52999877929688;62501000;70435600;17177800;43083100;30296400;523462300
2024-08-02 00:00:00+00:00;219.3644561767578;167.89999389648438;168.17860412597656;487.6747741699219;406.9405212402344;107.25342559814453;219.86000061035156;167.89999389648438;168.39999389648438;488.1400146484375;408.489990234375;107.2699966430664;225.60000610351562;168.77000427246094;170.2100067138672;501.1499938964844;415.0;108.72000122070312;217.7100067138672;160.5500030517578;166.38999938964844;476.1499938964844;404.3399963378906;101.37000274658203;219.14999389648438;166.75;168.19000244140625;489.0;412.489990234375;103.76000213623047;105568600;141448400;18907800;24044700;29437900;482027500
2024-08-05 00:00:00+00:00;208.79833984375;161.02000427246094;160.42881774902344;475.276611328125;393.6510925292969;100.43448638916016;209.27000427246094;161.02000427246094;160.63999938964844;475.7300109863281;395.1499938964844;100.44999694824219;213.5;162.9600067138672;165.94000244140625;483.4800109863281;401.0400085449219;103.41000366210938;196.0;151.61000061035156;156.60000610351562;450.79998779296875;385.5799865722656;90.69000244140625;199.08999633789062;154.2100067138672;157.3699951171875;451.3500061035156;389.1700134277344;92.05999755859375;119548600;83149400;34907800;21396200;40709200;552842400
2024-08-06 00:00:00+00:00;206.76292419433594;161.92999267578125;160.3289337158203;493.61907958984375;398.09417724609375;104.23390197753906;207.22999572753906;161.92999267578125;160.5399932861328;494.0899963378906;399.6099853515625;104.25;209.99000549316406;165.0800018310547;162.35000610351562;502.55999755859375;405.6700134277344;107.70999908447266;201.07000732421875;158.5399932861328;158.1300048828125;478.6499938964844;398.5;100.55000305175781;205.3000030517578;161.7100067138672;160.94500732421875;479.0;400.0;103.83999633789062;69660500;59950800;36146500;20955000;24946500;409012100
2024-08-07 00:00:00+00:00;209.34710693359375;162.77000427246094;160.53866577148438;488.45404052734375;396.91864013671875;98.89472961425781;209.82000732421875;162.77000427246094;160.75;488.9200134277344;398.42999267578125;98.91000366210938;213.63999938964844;167.5800018310547;164.7899932861328;510.1499938964844;410.0799865722656;108.80000305175781;206.38999938964844;161.42999267578125;160.24000549316406;486.8599853515625;397.4700012207031;98.69000244140625;206.89999389648438;166.5500030517578;163.24000549316406;503.1300048828125;408.6400146484375;107.80999755859375;63516400;48408200;19334200;20105300;20650900;411440400
2024-08-08 00:00:00+00:00;212.8292236328125;165.8000030517578;163.62460327148438;509.144287109375;401.1625061035156;104.95378875732422;213.30999755859375;165.8000030517578;163.83999633789062;509.6300048828125;402.69000244140625;104.97000122070312;214.1999969482422;166.69000244140625;165.5;509.9599914550781;405.8599853515625;105.5;208.8300018310547;162.5500030517578;162.02999877929688;494.7200012207031;399.94000244140625;97.5199966430664;213.11000061035156;165.1699981689453;162.343994140625;497.5;402.44000244140625;102.0;47161100;44616200;15733600;16156800;20203000;391910000
2024-08-09 00:00:00+00:00;215.7526397705078;166.94000244140625;165.17257690429688;517.2765502929688;404.4798583984375;104.73382568359375;216.24000549316406;166.94000244140625;165.38999938964844;517.77001953125;406.0199890136719;104.75;216.77999877929688;168.5500030517578;165.52000427246094;518.3400268554688;408.04998779296875;106.5999984741211;211.97000122070312;165.85000610351562;160.92999267578125;505.70001220703125;402.260009765625;103.43000030517578;212.10000610351562;166.39999389648438;161.64500427246094;507.7099914550781;404.0299987792969;105.63999938964844;42201600;36401000;13549200;13696600;19276700;290844200
2024-08-12 00:00:00+00:00;217.2909393310547;166.8000030517578;163.73446655273438;515.458251953125;405.2668762207031;109.00315856933594;217.52999877929688;166.8000030517578;163.9499969482422;515.9500122070312;406.80999755859375;109.0199966430664;219.50999450683594;168.5500030517578;166.6999969482422;518.02001953125;408.760009765625;111.06999969482422;215.60000610351562;166.11000061035156;163.5500030517578;509.1000061035156;404.239990234375;106.26000213623047;216.07000732421875;168.13999938964844;165.9949951171875;516.8599853515625;407.05999755859375;106.31999969482422;38028100;30072800;12435000;9767400;16762900;325559900
2024-08-13 00:00:00+00:00;221.02682495117188;170.22999572753906;165.71185302734375;528.0362548828125;412.4395751953125;116.12206268310547;221.27000427246094;170.22999572753906;165.92999267578125;528.5399780273438;414.010009765625;116.13999938964844;221.88999938964844;171.0399932861328;166.5399932861328;531.5;414.95001220703125;116.2300033569336;219.00999450683594;167.10000610351562;164.77000427246094;518.1500244140625;409.57000732421875;111.58000183105469;219.00999450683594;167.80999755859375;165.18499755859375;520.010009765625;409.5899963378906;112.44000244140625;44155300;39237900;12717600;13743800;19414300;312646700
2024-08-14 00:00:00+00:00;221.47633361816406;170.10000610351562;161.81698608398438;526.2579956054688;415.27874755859375;118.061767578125;221.72000122070312;170.10000610351562;162.02999877929688;526.760009765625;416.8599853515625;118.08000183105469;223.02999877929688;172.27999877929688;164.9600067138672;534.0;417.7200012207031;118.5999984741211;219.6999969482422;168.86000061035156;159.52999877929688;523.1300048828125;412.45001220703125;114.06999969482422;220.57000732421875;172.11000061035156;164.2100067138672;528.0599975585938;414.79998779296875;118.52999877929688;41960600;28843800;22515900;11444200;18267000;339246400
2024-08-15 00:00:00+00:00;224.47303771972656;177.58999633789062;162.9554901123047;536.81787109375;420.1889343261719;122.84103393554688;224.72000122070312;177.58999633789062;163.1699981689453;537.3300170898438;421.0299987792969;122.86000061035156;225.35000610351562;177.91000366210938;163.52000427246094;539.77001953125;421.1099853515625;123.23999786376953;222.75999450683594;173.99000549316406;161.49000549316406;526.7000122070312;417.6600036621094;117.47000122070312;224.60000610351562;174.86000061035156;162.2100067138672;531.7899780273438;419.79998779296875;118.76000213623047;46414000;51698500;18392500;13482100;20752100;318086700
2024-08-16 00:00:00+00:00;225.80157470703125;177.05999755859375;164.5234375;526.9172973632812;417.634033203125;124.56076049804688;226.0500030517578;177.05999755859375;164.74000549316406;527.4199829101562;418.4700012207031;124.58000183105469;226.8300018310547;178.33999633789062;166.9499969482422;533.6599731445312;421.3399963378906;125.0;223.64999389648438;176.25999450683594;163.0800018310547;524.6599731445312;417.29998779296875;121.18000030517578;223.9199981689453;177.0399932861328;163.41000366210938;531.9000244140625;420.6000061035156;121.94000244140625;44340200;31489200;16853100;14776700;22775600;302589900
2024-08-19 00:00:00+00:00;225.64175415039062;178.22000122070312;168.17860412597656;528.7755737304688;420.68792724609375;129.97991943359375;225.88999938964844;178.22000122070312;168.39999389648438;529.280029296875;421.5299987792969;130.0;225.99000549316406;178.3000030517578;168.47000122070312;531.6599731445312;421.75;130.0;223.0399932861328;176.16000366210938;166.08999633789062;522.760009765625;416.4599914550781;123.41999816894531;225.72000122070312;177.63999938964844;167.0;526.8699951171875;418.9599914550781;124.27999877929688;40687800;31129800;13100800;9879700;15234000;318333600
2024-08-20 00:00:00+00:00;226.2610626220703;178.8800048828125;168.73788452148438;526.2279663085938;423.9513854980469;127.2303466796875;226.50999450683594;178.8800048828125;168.9600067138672;526.72998046875;424.79998779296875;127.25;227.1699981689453;179.00999450683594;170.41000366210938;531.0900268554688;425.8599853515625;129.8800048828125;225.4499969482422;177.42999267578125;168.66000366210938;525.8800048828125;421.6400146484375;125.88999938964844;225.77000427246094;177.9199981689453;168.74000549316406;528.3499755859375;421.70001220703125;128.39999389648438;30299000;26255200;12622500;7944400;16387600;300087400
2024-08-21 00:00:00+00:00;226.15118408203125;180.11000061035156;167.40963745117188;534.64990234375;423.292724609375;128.48016357421875;226.39999389648438;180.11000061035156;167.6300048828125;535.1599731445312;424.1400146484375;128.5;227.97999572753906;182.38999938964844;168.63999938964844;539.4000244140625;426.3999938964844;129.35000610351562;225.0500030517578;178.88999938964844;166.57000732421875;526.9299926757812;421.7200012207031;126.66000366210938;226.52000427246094;179.9199981689453;166.99000549316406;527.1500244140625;424.0799865722656;127.31999969482422;34765500;35599100;15269600;13423300;16067300;257883600
2024-08-22 00:00:00+00:00;224.2832489013672;176.1300048828125;165.27244567871094;531.4230346679688;414.7198791503906;123.72089385986328;224.52999877929688;176.1300048828125;165.49000549316406;531.9299926757812;415.54998779296875;123.73999786376953;228.33999633789062;181.47000122070312;169.4199981689453;544.22998046875;426.7900085449219;130.75;223.89999389648438;175.67999267578125;165.02999877929688;528.5900268554688;414.6099853515625;123.0999984741211;227.7899932861328;181.3800048828125;169.0399932861328;537.0;424.3599853515625;130.02000427246094;43695300;32047500;19123800;15708300;19361900;376189100
2024-08-23 00:00:00+00:00;226.5906982421875;177.0399932861328;167.2098846435547;527.4967651367188;415.9573974609375;129.3500213623047;226.83999633789062;177.0399932861328;167.42999267578125;528.0;416.7900085449219;129.3699951171875;228.22000122070312;178.97000122070312;167.9499969482422;539.8699951171875;419.260009765625;129.60000610351562;224.3300018310547;175.24000549316406;165.66000366210938;525.0599975585938;412.0899963378906;125.22000122070312;225.66000366210938;177.33999633789062;166.5500030517578;536.9199829101562;416.9800109863281;125.86000061035156;38677300;29150100;14281600;11323900;18493800;323230300
2024-08-26 00:00:00+00:00;226.93032836914062;175.5;167.709228515625;520.6233520507812;412.6639709472656;126.44046783447266;227.17999267578125;175.5;167.92999267578125;521.1199951171875;413.489990234375;126.45999908447266;227.27999877929688;177.47000122070312;169.3800048828125;528.0;417.2799987792969;131.25999450683594;223.88999938964844;174.3000030517578;166.32000732421875;514.9500122070312;411.3399963378906;124.37000274658203;226.75999450683594;176.6999969482422;168.15499877929688;527.5999755859375;416.3699951171875;129.57000732421875;30602200;22366200;11990300;9584000;13152800;331964700
2024-08-27 00:00:00+00:00;227.77938842773438;173.1199951171875;166.16127014160156;518.605224609375;413.0132751464844;128.2801971435547;228.02999877929688;173.1199951171875;166.3800048828125;519.0999755859375;413.8399963378906;128.3000030517578;228.85000610351562;174.88999938964844;168.2449951171875;524.010009765625;414.3599853515625;129.1999969482422;224.88999938964844;172.25;166.16000366210938;515.3099975585938;410.25;123.87999725341797;226.0;174.14999389648438;167.61000061035156;518.97998046875;412.8599853515625;125.05000305175781;35934600;29842000;13718200;6282700;13492900;303134600
2024-08-28 00:00:00+00:00;226.2410888671875;170.8000030517578;164.2837371826172;516.2874755859375;409.77978515625;125.59060668945312;226.49000549316406;170.8000030517578;164.5;516.780029296875;410.6000061035156;125.61000061035156;229.86000061035156;173.69000244140625;167.38999938964844;521.0900268554688;415.0;128.3300018310547;225.67999267578125;168.9199981689453;163.27999877929688;512.4500122070312;407.30999755859375;122.63999938964844;227.9199981689453;173.69000244140625;166.77999877929688;517.6699829101562;414.8800048828125;128.1199951171875;38052200;29045000;15208700;9106100;14882700;448101100
2024-08-29 00:00:00+00:00;229.53746032714844;172.1199951171875;163.1851806640625;517.72607421875;412.29473876953125;117.57183837890625;229.7899932861328;172.1199951171875;163.39999389648438;518.219970703125;413.1199951171875;117.58999633789062;232.9199981689453;174.2899932861328;167.6300048828125;527.2000122070312;422.04998779296875;124.43000030517578;228.8800048828125;170.80999755859375;161.98199462890625;515.6799926757812;410.6000061035156;116.70999908447266;230.10000610351562;173.22000122070312;166.05999755859375;519.0499877929688;414.94000244140625;121.36000061035156;51906300;26407800;17133800;8317400;17045200;453023300
2024-08-30 00:00:00+00:00;228.7483367919922;178.5;164.8929443359375;520.8131713867188;416.30670166015625;119.35157012939453;229.0;178.5;165.11000061035156;521.3099975585938;417.1400146484375;119.37000274658203;230.39999389648438;178.89999389648438;165.27999877929688;523.5399780273438;417.489990234375;121.75;227.47999572753906;172.60000610351562;163.41000366210938;515.2000122070312;412.1300048828125;117.22000122070312;230.19000244140625;172.77999877929688;164.22000122070312;521.3499755859375;415.6000061035156;119.52999877929688;52990800;43429400;18498800;9157500;24308300;333751600
2024-09-03 00:00:00+00:00;222.52517700195312;176.25;158.4014892578125;511.2722473144531;408.6220703125;107.98332214355469;222.77000427246094;176.25;158.61000061035156;511.760009765625;409.44000244140625;108.0;229.0;178.25999450683594;163.3800048828125;525.489990234375;419.8800048828125;116.20999908447266;221.1699981689453;175.25999450683594;157.85499572753906;508.6199951171875;407.0299987792969;107.29000091552734;228.5500030517578;177.5500030517578;163.31500244140625;519.6400146484375;417.9100036621094;116.01000213623047;50190600;37817500;26533100;12459100;20313600;477155100
2024-09-04 00:00:00+00:00;220.6072998046875;173.3300018310547;157.6025390625;512.2512817382812;408.0831604003906;106.19359588623047;220.85000610351562;173.3300018310547;157.80999755859375;512.739990234375;408.8999938964844;106.20999908447266;221.77999877929688;175.97999572753906;160.39999389648438;516.5900268554688;411.239990234375;113.2699966430664;217.47999572753906;172.5399932861328;157.44000244140625;504.07000732421875;404.3699951171875;104.12000274658203;221.66000366210938;174.47999572753906;158.0749969482422;506.07000732421875;405.9100036621094;105.41000366210938;43840200;30309200;17410700;8335200;15135800;372470300
2024-09-05 00:00:00+00:00;222.13560485839844;177.88999938964844;158.39151000976562;516.3673706054688;407.5741882324219;107.19344329833984;222.3800048828125;177.88999938964844;158.60000610351562;516.8599853515625;408.3900146484375;107.20999908447266;225.47999572753906;179.8800048828125;161.01499938964844;521.6300048828125;413.1000061035156;109.6500015258789;221.52000427246094;175.0;157.52000427246094;511.1499938964844;406.1300048828125;104.76000213623047;221.6300048828125;175.0;157.77999877929688;511.7200012207031;407.6199951171875;104.98999786376953;36615400;40170500;14139500;8640900;14195500;306850700
2024-09-06 00:00:00+00:00;220.57733154296875;171.38999938964844;151.9300079345703;499.7931823730469;400.8975524902344;102.81411743164062;220.82000732421875;171.38999938964844;152.1300048828125;500.2699890136719;401.70001220703125;102.83000183105469;225.24000549316406;178.3800048828125;159.22000122070312;524.5800170898438;410.6499938964844;108.1500015258789;219.77000427246094;171.16000366210938;151.93499755859375;498.25;400.79998779296875;100.94999694824219;223.9499969482422;177.24000549316406;158.69000244140625;521.8800048828125;409.05999755859375;108.04000091552734;48423000;41466500;24999100;14744500;19609500;413638100
2024-09-09 00:00:00+00:00;220.66722106933594;175.39999389648438;149.5399932861328;504.30889892578125;404.9095153808594;106.45355987548828;220.91000366210938;175.39999389648438;149.5399932861328;504.7900085449219;405.7200012207031;106.47000122070312;221.27000427246094;175.85000610351562;154.63999938964844;511.3299865722656;408.6499938964844;106.55000305175781;216.7100067138672;173.50999450683594;148.1999969482422;502.0799865722656;402.1499938964844;103.69000244140625;220.82000732421875;174.52999877929688;153.6300048828125;506.1600036621094;407.239990234375;104.87999725341797;67180000;29037400;28057700;11047800;15295100;273912000
2024-09-10 00:00:00+00:00;219.86810302734375;179.5500030517578;150.00999450683594;504.30889892578125;413.3725891113281;108.08330535888672;220.11000061035156;179.5500030517578;150.00999450683594;504.7900085449219;414.20001220703125;108.0999984741211;221.47999572753906;180.5;152.3000030517578;514.1799926757812;416.3299865722656;109.4000015258789;216.72999572753906;176.7899932861328;149.54299926757812;500.0299987792969;407.70001220703125;104.94999694824219;218.9199981689453;177.49000549316406;151.4499969482422;508.1600036621094;408.20001220703125;107.80999755859375;51591000;36233800;20401800;9899000;19594300;268283700
2024-09-11 00:00:00+00:00;222.41529846191406;184.52000427246094;152.14999389648438;511.3421630859375;422.1949157714844;116.8919448852539;222.66000366210938;184.52000427246094;152.14999389648438;511.8299865722656;423.0400085449219;116.91000366210938;223.08999633789062;184.99000549316406;152.47999572753906;513.1199951171875;423.989990234375;117.19000244140625;217.88999938964844;175.72999572753906;148.6999969482422;495.6000061035156;409.5799865722656;107.41999816894531;221.4600067138672;180.10000610351562;151.08999633789062;507.010009765625;415.5;109.38999938964844;44587100;42564700;18991500;10782500;19266900;441422400
2024-09-12 00:00:00+00:00;222.52517700195312;187.0;155.5399932861328;525.0990600585938;426.1470031738281;119.13179016113281;222.77000427246094;187.0;155.5399932861328;525.5999755859375;427.0;119.13999938964844;223.5500030517578;187.41000366210938;155.61000061035156;526.7100219726562;427.3699951171875;120.79000091552734;219.82000732421875;183.5399932861328;153.5;515.219970703125;419.75;115.37999725341797;222.5;184.8000030517578;154.80999755859375;517.0499877929688;423.30999755859375;116.83999633789062;37498200;33622500;21024100;11993300;17418800;367100500
2024-09-13 00:00:00+00:00;222.25547790527344;186.49000549316406;158.3699951171875;524.1199951171875;429.7298278808594;119.09178924560547;222.5;186.49000549316406;158.3699951171875;524.6199951171875;430.5899963378906;119.0999984741211;224.0399932861328;188.5;159.27499389648438;527.5800170898438;431.8299865722656;119.95999908447266;221.91000366210938;185.91000366210938;156.11000061035156;517.1099853515625;425.4599914550781;117.5999984741211;223.5800018310547;187.0;156.36199951171875;520.3400268554688;425.8299865722656;119.08000183105469;36766600;26495400;16733900;10321400;15874600;238358300
2024-09-16 00:00:00+00:00;216.082275390625;184.88999938964844;158.99000549316406;533.280029296875;430.47833251953125;116.7719497680664;216.32000732421875;184.88999938964844;158.99000549316406;533.280029296875;431.3399963378906;116.77999877929688;217.22000122070312;185.80999755859375;159.24000549316406;534.0999755859375;433.5299987792969;118.18000030517578;213.9199981689453;183.36000061035156;157.61000061035156;517.4000244140625;428.2200012207031;114.36000061035156;216.5399932861328;185.2899932861328;158.3300018310547;524.5399780273438;430.6000061035156;116.79000091552734;59357400;26065500;14157600;9527600;13834700;248772300
2024-09-17 00:00:00+00:00;216.55174255371094;186.8800048828125;160.27999877929688;536.3200073242188;434.2807312011719;115.58203125;216.7899932861328;186.8800048828125;160.27999877929688;536.3200073242188;435.1499938964844;115.58999633789062;216.89999389648438;189.4499969482422;161.58999633789062;542.0999755859375;441.8500061035156;118.80000305175781;214.5;186.13999938964844;159.41000366210938;530.5700073242188;432.2699890136719;114.83000183105469;215.75;186.85000610351562;160.08999633789062;537.5999755859375;440.2300109863281;118.16999816894531;45519300;26091700;12064800;11690800;18874200;231925900
2024-09-18 00:00:00+00:00;220.4474639892578;186.42999267578125;160.80999755859375;537.9500122070312;429.94940185546875;113.36219024658203;220.69000244140625;186.42999267578125;160.80999755859375;537.9500122070312;430.80999755859375;113.37000274658203;222.7100067138672;188.8000030517578;161.6300048828125;544.2000122070312;436.0299987792969;117.69999694824219;217.5399932861328;185.05999755859375;159.66000366210938;533.9000244140625;430.4100036621094;113.22000122070312;217.5500030517578;186.4499969482422;160.85000610351562;537.0700073242188;435.0;115.88999938964844;59894900;34448100;16756500;10323500;18898000;310318900
2024-09-19 00:00:00+00:00;228.61846923828125;189.8699951171875;163.24000549316406;559.0999755859375;437.81365966796875;117.86187744140625;228.8699951171875;189.8699951171875;163.24000549316406;559.0999755859375;438.69000244140625;117.87000274658203;229.82000732421875;190.99000549316406;164.99000549316406;562.0700073242188;441.5;119.66000366210938;224.6300048828125;188.47000122070312;162.52200317382812;546.52001953125;436.8999938964844;117.25;224.99000549316406;190.0399932861328;164.82000732421875;550.0;441.2300109863281;117.3499984741211;66781300;39543200;17548200;15647000;21706600;293506400
2024-09-20 00:00:00+00:00;227.94920349121094;191.60000610351562;164.63999938964844;561.3499755859375;434.4004821777344;115.99200439453125;228.1999969482422;191.60000610351562;164.63999938964844;561.3499755859375;435.2699890136719;116.0;233.08999633789062;191.83999633789062;164.75;564.5;439.239990234375;118.62000274658203;227.6199951171875;187.41000366210938;163.17999267578125;556.2999877929688;434.2200012207031;115.38999938964844;229.97000122070312;190.22999572753906;164.52000427246094;560.0;437.2200012207031;117.05999755859375;318679900;100378600;46362700;22066800;55167100;382462400
2024-09-23 00:00:00+00:00;226.2211151123047;193.8800048828125;163.07000732421875;564.4099731445312;432.6440124511719;116.25199127197266;226.47000122070312;193.8800048828125;163.07000732421875;564.4099731445312;433.510009765625;116.26000213623047;229.4499969482422;194.4499969482422;166.61000061035156;573.97998046875;436.4599914550781;116.98999786376953;225.80999755859375;190.57000732421875;162.9499969482422;562.4099731445312;430.3900146484375;114.86000061035156;227.33999633789062;191.63999938964844;165.33999633789062;569.5;434.2799987792969;116.55000305175781;54146000;36993100;15648400;12830700;15128900;206228500
2024-09-24 00:00:00+00:00;227.1201171875;193.9600067138672;163.63999938964844;563.3300170898438;428.31268310546875;120.8616714477539;227.3699951171875;193.9600067138672;163.63999938964844;563.3300170898438;429.1700134277344;120.87000274658203;229.35000610351562;195.3699951171875;164.5500030517578;567.75;433.3500061035156;121.80000305175781;225.72999572753906;190.1300048828125;162.02999877929688;554.1900024414062;426.1000061035156;115.37999725341797;228.64999389648438;194.27000427246094;164.25;566.6799926757812;433.0;116.5199966430664;43556100;43478900;18774100;12993000;17015800;354966800
2024-09-25 00:00:00+00:00;226.1212158203125;192.52999877929688;162.99000549316406;568.3099975585938;431.2467956542969;123.50149536132812;226.3699951171875;192.52999877929688;162.99000549316406;568.3099975585938;432.1099853515625;123.51000213623047;227.2899932861328;193.9499969482422;164.2169952392578;576.8800048828125;433.1199951171875;124.94000244140625;224.02000427246094;192.16000366210938;162.77499389648438;563.719970703125;428.57000732421875;121.61000061035156;224.92999267578125;193.75;162.97000122070312;564.0499877929688;429.8299865722656;122.0199966430664;42308700;26391100;13607900;16543400;13396400;284692900
2024-09-26 00:00:00+00:00;227.26995849609375;191.16000366210938;163.8300018310547;567.8400268554688;430.4483947753906;124.03145599365234;227.52000427246094;191.16000366210938;163.8300018310547;567.8400268554688;431.30999755859375;124.04000091552734;228.5;194.52999877929688;165.5;577.4000244140625;435.29998779296875;127.66999816894531;225.41000366210938;189.5399932861328;163.5;562.3499755859375;429.1300048828125;121.80000305175781;227.3000030517578;194.30999755859375;165.02999877929688;575.72998046875;435.0899963378906;126.80000305175781;36636700;36334900;18234500;14400800;14492000;302582900
2024-09-27 00:00:00+00:00;227.53965759277344;187.97000122070312;165.2899932861328;567.3599853515625;427.1649475097656;121.39163970947266;227.7899932861328;187.97000122070312;165.2899932861328;567.3599853515625;428.0199890136719;121.4000015258789;229.52000427246094;190.89999389648438;166.97000122070312;570.8400268554688;431.8500061035156;124.02999877929688;227.3000030517578;187.33999633789062;163.8300018310547;564.510009765625;427.4700012207031;119.26000213623047;228.4600067138672;190.67999267578125;163.91000366210938;570.0999755859375;431.5199890136719;123.97000122070312;34026000;36002300;13604300;9398400;14896100;271009200
2024-09-30 00:00:00+00:00;232.7439422607422;186.3300018310547;167.19000244140625;572.4400024414062;429.4403991699219;121.43163299560547;233.0;186.3300018310547;167.19000244140625;572.4400024414062;430.29998779296875;121.44000244140625;233.0;188.49000549316406;167.36000061035156;574.6799926757812;430.4200134277344;121.5;229.64999389648438;184.64999389648438;164.63999938964844;564.7999877929688;425.3699951171875;118.1500015258789;230.0399932861328;187.13999938964844;164.77999877929688;567.7000122070312;428.2099914550781;118.30999755859375;54541900;41583900;14070100;12792300;16807300;226553700
2024-10-01 00:00:00+00:00;225.96141052246094;185.1300048828125;168.4199981689453;576.469970703125;419.849609375;116.99193572998047;226.2100067138672;185.1300048828125;168.4199981689453;576.469970703125;420.69000244140625;117.0;229.64999389648438;186.19000244140625;170.44000244140625;583.0399780273438;428.4800109863281;122.44000244140625;223.74000549316406;183.4499969482422;165.89999389648438;570.0999755859375;418.80999755859375;115.79000091552734;229.52000427246094;184.89999389648438;168.86000061035156;577.97998046875;428.45001220703125;121.7699966430664;63285000;36044900;18629500;15259300;19092900;302094500
2024-10-02 00:00:00+00:00;226.53077697753906;184.75999450683594;167.30999755859375;572.8099975585938;416.2967224121094;118.84181213378906;226.77999877929688;184.75999450683594;167.30999755859375;572.8099975585938;417.1300048828125;118.8499984741211;227.3699951171875;186.60000610351562;168.8800048828125;576.0;422.82000732421875;119.37999725341797;223.02000427246094;184.0399932861328;166.25;569.3400268554688;416.7099914550781;115.13999938964844;225.88999938964844;184.44000244140625;167.75999450683594;574.8599853515625;422.5799865722656;116.44000244140625;32880600;23704100;12745000;6524700;16582300;221845900
2024-10-03 00:00:00+00:00;225.42198181152344;181.9600067138672;167.2100067138672;582.77001953125;415.7079162597656;122.84153747558594;225.6699981689453;181.9600067138672;167.2100067138672;582.77001953125;416.5400085449219;122.8499984741211;226.80999755859375;183.44000244140625;167.91000366210938;583.3599853515625;419.54998779296875;124.36000061035156;223.32000732421875;180.8800048828125;165.3699951171875;568.72998046875;414.2900085449219;120.33999633789062;225.13999938964844;183.0500030517578;165.82000732421875;570.1500244140625;417.6300048828125;120.91999816894531;34044200;30204300;11004300;11581000;13686400;277118000
2024-10-04 00:00:00+00:00;226.55075073242188;186.50999450683594;168.55999755859375;595.9400024414062;415.2288513183594;124.91139221191406;226.8000030517578;186.50999450683594;168.55999755859375;595.9400024414062;416.05999755859375;124.91999816894531;228.0;187.60000610351562;169.5500030517578;596.8499755859375;419.75;125.04000091552734;224.1300048828125;183.60000610351562;166.9600067138672;581.4299926757812;414.9700012207031;121.83000183105469;227.89999389648438;185.75;169.33999633789062;583.72998046875;418.239990234375;124.94000244140625;37245100;40890300;11422100;14169500;19169700;243678100
2024-10-07 00:00:00+00:00;221.4463653564453;180.8000030517578;164.38999938964844;584.780029296875;408.7218933105469;127.7112045288086;221.69000244140625;180.8000030517578;164.38999938964844;584.780029296875;409.5400085449219;127.72000122070312;225.69000244140625;183.60000610351562;169.89999389648438;602.9500122070312;417.1099853515625;130.63999938964844;221.3300018310547;180.25;164.1300048828125;584.0399780273438;409.0;124.94999694824219;224.5;182.9499969482422;169.13999938964844;598.219970703125;416.0;124.98999786376953;39505400;42364200;14034700;12014200;20919800;346250200
2024-10-08 00:00:00+00:00;225.52188110351562;182.72000122070312;165.6999969482422;592.8900146484375;413.8815612792969;132.88084411621094;225.77000427246094;182.72000122070312;165.6999969482422;592.8900146484375;414.7099914550781;132.88999938964844;225.97999572753906;183.08999633789062;166.10000610351562;593.5599975585938;415.6600036621094;133.47999572753906;223.25;180.9199981689453;164.30999755859375;585.969970703125;408.1700134277344;129.4199981689453;224.3000030517578;181.9199981689453;165.42999267578125;589.6900024414062;410.8999938964844;130.25999450683594;31855700;26372100;11723900;7857400;19229300;285722500
2024-10-09 00:00:00+00:00;229.28773498535156;185.1699981689453;163.05999755859375;590.510009765625;416.62603759765625;132.64085388183594;229.5399932861328;185.1699981689453;163.05999755859375;590.510009765625;417.4599914550781;132.64999389648438;229.75;185.85000610351562;166.25999450683594;594.3900146484375;420.3800048828125;134.52000427246094;224.8300018310547;182.0500030517578;161.1199951171875;581.6099853515625;414.29998779296875;131.3800048828125;225.22999572753906;182.82000732421875;164.85499572753906;593.989990234375;415.8599853515625;134.11000061035156;33591100;26343100;19666400;9529700;14974300;246191600
2024-10-10 00:00:00+00:00;228.7882843017578;186.64999389648438;163.17999267578125;583.8300170898438;415.0093078613281;134.8007049560547;229.0399932861328;186.64999389648438;163.17999267578125;583.8300170898438;415.8399963378906;134.80999755859375;229.5;188.1300048828125;164.31100463867188;590.22998046875;417.3500061035156;135.0;227.1699981689453;185.8300018310547;161.63999938964844;582.52001953125;413.1499938964844;131.0;227.77999877929688;187.1300048828125;162.11000061035156;587.5700073242188;415.2300109863281;131.91000366210938;28183500;27785000;12900500;7740400;13848400;242311300
2024-10-11 00:00:00+00:00;227.2999267578125;188.82000732421875;164.52000427246094;589.9500122070312;415.48834228515625;134.79071044921875;227.5500030517578;188.82000732421875;164.52000427246094;589.9500122070312;416.32000732421875;134.8000030517578;229.41000366210938;189.92999267578125;165.27000427246094;591.2100219726562;417.1300048828125;135.77999877929688;227.33999633789062;186.3000030517578;162.5;582.7100219726562;413.25;133.66000366210938;229.3000030517578;186.6300048828125;163.3300018310547;584.8300170898438;416.1400146484375;134.00999450683594;31759200;25751600;10946000;8587100;14144900;170209500
2024-10-14 00:00:00+00:00;231.04580688476562;187.5399932861328;166.35000610351562;590.4199829101562;418.302734375;138.0605010986328;231.3000030517578;187.5399932861328;166.35000610351562;590.4199829101562;419.1400146484375;138.07000732421875;231.72999572753906;189.8300018310547;167.6199951171875;600.0999755859375;424.0400085449219;139.60000610351562;228.60000610351562;187.36000061035156;164.77999877929688;589.9600219726562;417.5199890136719;136.3000030517578;228.6999969482422;189.77999877929688;164.91000366210938;594.219970703125;417.7699890136719;136.47000122070312;39882100;22614400;9981800;8252000;16653100;232347700
2024-10-15 00:00:00+00:00;233.59300231933594;187.69000244140625;166.89999389648438;586.27001953125;417.90350341796875;131.5909423828125;233.85000610351562;187.69000244140625;166.89999389648438;586.27001953125;418.739990234375;131.60000610351562;237.49000549316406;188.41000366210938;169.08999633789062;590.6099853515625;422.4800109863281;138.57000732421875;232.3699951171875;184.5800018310547;166.0500030517578;580.1400146484375;415.260009765625;128.74000549316406;233.61000061035156;187.6300048828125;167.13999938964844;590.1599731445312;422.17999267578125;137.8699951171875;64751400;32178900;14829300;9564200;18900200;377831000
2024-10-16 00:00:00+00:00;231.5252685546875;186.88999938964844;166.74000549316406;576.7899780273438;415.2887268066406;135.7106475830078;231.77999877929688;186.88999938964844;166.74000549316406;576.7899780273438;416.1199951171875;135.72000122070312;232.1199951171875;187.77999877929688;167.27999877929688;582.0800170898438;416.3599853515625;136.6199951171875;229.83999633789062;185.61000061035156;165.21600341796875;574.030029296875;410.4800109863281;131.5800018310547;231.60000610351562;187.0500030517578;166.02999877929688;581.4000244140625;415.1700134277344;133.97999572753906;34082200;23456800;9968500;11268400;15508900;264879700
2024-10-17 00:00:00+00:00;231.89486694335938;187.52999877929688;164.50999450683594;576.9299926757812;415.8875427246094;136.92056274414062;232.14999389648438;187.52999877929688;164.50999450683594;576.9299926757812;416.7200012207031;136.92999267578125;233.85000610351562;188.94000244140625;167.92999267578125;584.969970703125;422.5;140.88999938964844;230.52000427246094;186.0;164.3699951171875;575.2000122070312;415.5899963378906;136.8699951171875;233.42999267578125;188.22000122070312;167.3800048828125;583.3300170898438;422.3599853515625;139.33999633789062;32993800;25039400;15113400;8701200;14820000;306435900
2024-10-18 00:00:00+00:00;234.74172973632812;188.99000549316406;165.0500030517578;576.469970703125;417.3246765136719;137.99049377441406;235.0;188.99000549316406;165.0500030517578;576.469970703125;418.1600036621094;138.0;236.17999267578125;190.74000549316406;166.3699951171875;583.969970703125;419.6499938964844;138.89999389648438;234.00999450683594;186.27999877929688;164.75;575.25;416.260009765625;137.27999877929688;236.17999267578125;187.14999389648438;164.8699951171875;581.0999755859375;417.1400146484375;138.6699981689453;46431500;37417700;13091300;7694300;17145300;176090200
2024-10-21 00:00:00+00:00;236.22010803222656;189.07000732421875;165.8000030517578;575.1599731445312;417.94342041015625;143.70010375976562;236.47999572753906;189.07000732421875;165.8000030517578;575.1599731445312;418.7799987792969;143.7100067138672;236.85000610351562;189.4600067138672;166.22000122070312;577.239990234375;418.9599914550781;143.7100067138672;234.4499969482422;186.39999389648438;164.30499267578125;569.1099853515625;413.75;138.0;234.4499969482422;188.0500030517578;164.5800018310547;576.030029296875;416.1199951171875;138.1300048828125;36254500;24639400;11384000;8171900;14206100;264554500
2024-10-22 00:00:00+00:00;235.60079956054688;189.6999969482422;166.82000732421875;582.010009765625;426.656005859375;143.58010864257812;235.86000061035156;189.6999969482422;166.82000732421875;582.010009765625;427.510009765625;143.58999633789062;236.22000122070312;191.52000427246094;167.47000122070312;583.530029296875;430.5799865722656;144.4199981689453;232.60000610351562;186.97999572753906;164.6699981689453;572.1199951171875;418.0400085449219;141.77999877929688;233.88999938964844;188.35000610351562;164.6999969482422;574.2899780273438;418.489990234375;142.91000366210938;38846600;29650600;11958600;8544500;25482200;226311600
2024-10-23 00:00:00+00:00;230.5063934326172;184.7100067138672;164.47999572753906;563.6900024414062;423.7518005371094;139.55038452148438;230.75999450683594;184.7100067138672;164.47999572753906;563.6900024414062;424.6000061035156;139.55999755859375;235.13999938964844;189.16000366210938;167.60000610351562;585.0;431.0799865722656;142.42999267578125;227.75999450683594;183.69000244140625;163.63299560546875;562.5;422.5299987792969;137.4600067138672;234.0800018310547;188.85000610351562;166.42999267578125;579.969970703125;430.8599853515625;142.02999877929688;52287000;31937100;12754300;14248400;19654400;285930000
2024-10-24 00:00:00+00:00;230.31661987304688;186.3800048828125;164.52999877929688;567.780029296875;423.8815612792969;140.40032958984375;230.57000732421875;186.3800048828125;164.52999877929688;567.780029296875;424.7300109863281;140.41000366210938;230.82000732421875;187.11000061035156;165.0500030517578;568.8800048828125;425.9800109863281;141.35000610351562;228.41000366210938;183.86000061035156;162.77000427246094;561.52001953125;422.3999938964844;138.4600067138672;229.97999572753906;185.25;164.58999633789062;567.1300048828125;425.3299865722656;140.82000732421875;31109500;21647400;12764400;7184700;13581600;172354900
2024-10-25 00:00:00+00:00;231.1556854248047;187.8300018310547;166.99000549316406;573.25;427.2947082519531;141.53024291992188;231.41000366210938;187.8300018310547;166.99000549316406;573.25;428.1499938964844;141.5399932861328;233.22000122070312;190.4499969482422;167.39999389648438;581.2899780273438;432.5199890136719;144.1300048828125;229.57000732421875;187.52999877929688;165.22999572753906;571.719970703125;426.57000732421875;140.8000030517578;229.74000549316406;187.85000610351562;165.36500549316406;573.9299926757812;426.760009765625;140.92999267578125;38802300;29362100;14566400;11337900;16899100;205122100
2024-10-28 00:00:00+00:00;233.14349365234375;188.38999938964844;168.33999633789062;578.1599731445312;425.7378234863281;140.51031494140625;233.39999389648438;188.38999938964844;168.33999633789062;578.1599731445312;426.5899963378906;140.52000427246094;234.72999572753906;190.2100067138672;170.6060028076172;583.75;431.94000244140625;143.13999938964844;232.5500030517578;188.2100067138672;165.7899932861328;574.1199951171875;426.29998779296875;140.0500030517578;233.32000732421875;189.57000732421875;170.58999633789062;582.0;431.6600036621094;143.0;36087100;27930800;20858300;10925100;14882400;173586700
2024-10-29 00:00:00+00:00;233.41319274902344;190.8300018310547;171.13999938964844;593.280029296875;431.0871276855469;141.24026489257812;233.6699981689453;190.8300018310547;171.13999938964844;593.280029296875;431.95001220703125;141.25;234.3300018310547;191.4600067138672;171.86000061035156;593.6699829101562;433.1700134277344;142.25999450683594;232.32000732421875;187.82000732421875;168.66000366210938;575.4000244140625;425.79998779296875;138.89999389648438;233.10000610351562;188.5800018310547;169.38499450683594;580.1500244140625;428.0;140.2899932861328;35417200;35690200;28916100;13019100;17644100;157593600
2024-10-30 00:00:00+00:00;229.8471221923828;192.72999572753906;176.13999938964844;591.7999877929688;431.66595458984375;139.3303985595703;230.10000610351562;192.72999572753906;176.13999938964844;591.7999877929688;432.5299987792969;139.33999633789062;233.47000122070312;195.61000061035156;183.7899932861328;601.2000122070312;438.5;140.3300018310547;229.5500030517578;192.4199981689453;175.7449951171875;589.3800048828125;432.1000061035156;136.80999755859375;232.61000061035156;194.6999969482422;182.41000366210938;600.97998046875;437.44000244140625;139.5399932861328;47070900;37707600;49698300;26864900;29749100;179418100
2024-10-31 00:00:00+00:00;225.66172790527344;186.39999389648438;172.69000244140625;567.5800170898438;405.53826904296875;132.7508544921875;225.91000366210938;186.39999389648438;172.69000244140625;567.5800170898438;406.3500061035156;132.75999450683594;229.8300018310547;190.60000610351562;178.4199981689453;589.9000244140625;416.1600036621094;137.61000061035156;225.3699951171875;185.22999572753906;172.55999755859375;563.010009765625;406.29998779296875;132.11000061035156;229.33999633789062;190.50999450683594;174.72000122070312;585.0;415.3599853515625;137.60000610351562;64370100;75146800;32801900;26838400;53971000;270039600
2024-11-01 00:00:00+00:00;222.66502380371094;197.92999267578125;172.64999389648438;567.1599731445312;409.55023193359375;135.3906707763672;222.91000366210938;197.92999267578125;172.64999389648438;567.1599731445312;410.3699951171875;135.39999389648438;225.35000610351562;200.5;173.82000732421875;573.6699829101562;415.5;137.30999755859375;220.27000427246094;197.02000427246094;170.30999755859375;562.5599975585938;407.5;134.57000732421875;220.97000122070312;199.0;171.5399932861328;567.6099853515625;409.010009765625;134.6999969482422;65276700;99687800;21752900;15303200;24230400;207127800
2024-11-04 00:00:00+00:00;221.76600646972656;195.77999877929688;170.67999267578125;560.6799926757812;407.64404296875;136.04063415527344;222.00999450683594;195.77999877929688;170.67999267578125;560.6799926757812;408.4599914550781;136.0500030517578;222.7899932861328;197.3300018310547;171.9199981689453;568.6900024414062;410.4200134277344;138.9600067138672;219.7100067138672;194.30999755859375;169.48500061035156;557.8900146484375;405.57000732421875;135.57000732421875;220.99000549316406;196.4499969482422;171.24000549316406;564.0999755859375;409.79998779296875;137.2100067138672;44944500;38492100;16194000;12064600;19672300;187528200
2024-11-05 00:00:00+00:00;223.2044219970703;199.5;171.41000366210938;572.4299926757812;410.6380310058594;139.90036010742188;223.4499969482422;199.5;171.41000366210938;572.4299926757812;411.4599914550781;139.91000366210938;223.9499969482422;199.82000732421875;172.0970001220703;573.47998046875;414.8999938964844;140.3699951171875;221.13999938964844;195.99000549316406;170.3699951171875;566.6699829101562;408.0799865722656;137.3300018310547;221.8000030517578;196.0399932861328;170.8300018310547;567.2999877929688;408.3699951171875;137.4499969482422;28111300;30564800;12518300;9775400;17626000;160537400
2024-11-06 00:00:00+00:00;222.47523498535156;207.08999633789062;178.3300018310547;572.0499877929688;419.3406066894531;145.59996032714844;222.72000122070312;207.08999633789062;178.3300018310547;572.0499877929688;420.17999267578125;145.61000061035156;226.07000732421875;207.5500030517578;178.63999938964844;573.0;420.45001220703125;146.49000549316406;221.19000244140625;199.13999938964844;175.0399932861328;555.1699829101562;410.5199890136719;141.9600067138672;222.61000061035156;200.00999450683594;175.35000610351562;562.75;412.4200134277344;142.9600067138672;54561100;72292200;27061500;18305400;26681800;242043900
2024-11-07 00:00:00+00:00;227.22999572753906;210.0500030517578;182.27999877929688;591.7000122070312;424.58013916015625;148.8697509765625;227.47999572753906;210.0500030517578;182.27999877929688;591.7000122070312;425.42999267578125;148.8800048828125;227.8800048828125;212.25;182.5800018310547;594.7999877929688;426.8500061035156;148.92999267578125;224.57000732421875;207.19000244140625;178.88999938964844;575.2100219726562;419.8800048828125;146.1699981689453;224.6300048828125;207.44000244140625;179.11000061035156;576.8900146484375;421.2799987792969;146.38999938964844;42137700;52878400;16730400;14653700;19901800;207323300
2024-11-08 00:00:00+00:00;226.9600067138672;208.17999267578125;179.86000061035156;589.3400268554688;421.6959228515625;147.6198272705078;226.9600067138672;208.17999267578125;179.86000061035156;589.3400268554688;422.5400085449219;147.6300048828125;228.66000366210938;209.9600067138672;182.35000610351562;593.0999755859375;426.5;149.77000427246094;226.41000366210938;207.44000244140625;179.57000732421875;584.52001953125;421.7799987792969;146.25999450683594;227.1699981689453;209.72000122070312;182.0;591.5399780273438;425.32000732421875;148.77000427246094;38328800;36075800;15021500;9415700;16891400;175665800
2024-11-11 00:00:00+00:00;224.22999572753906;206.83999633789062;181.97000122070312;583.1699829101562;417.1749572753906;145.24998474121094;224.22999572753906;206.83999633789062;181.97000122070312;583.1699829101562;418.010009765625;145.25999450683594;225.6999969482422;209.64999389648438;182.0850067138672;587.0;424.80999755859375;148.85000610351562;221.5;205.58999633789062;179.99000549316406;576.510009765625;416.0;143.57000732421875;225.0;208.5;180.07000732421875;586.3599853515625;422.5199890136719;148.67999267578125;42005600;35456000;12503400;10209100;24503300;182325600
2024-11-12 00:00:00+00:00;224.22999572753906;208.91000366210938;183.32000732421875;584.8200073242188;422.1849365234375;148.27976989746094;224.22999572753906;208.91000366210938;183.32000732421875;584.8200073242188;423.0299987792969;148.2899932861328;225.58999633789062;209.5399932861328;184.02499389648438;599.6599731445312;424.44000244140625;149.64999389648438;223.36000061035156;206.00999450683594;180.99000549316406;580.3800048828125;417.20001220703125;146.00999450683594;224.5500030517578;208.3699951171875;181.3800048828125;588.5399780273438;418.25;146.77999877929688;40398300;38942900;14065800;16287700;19401200;198634700
2024-11-13 00:00:00+00:00;225.1199951171875;214.10000610351562;180.49000549316406;580.0;424.3506164550781;146.25991821289062;225.1199951171875;214.10000610351562;180.49000549316406;580.0;425.20001220703125;146.27000427246094;226.64999389648438;215.08999633789062;182.61500549316406;585.6400146484375;429.3299865722656;149.3300018310547;222.75999450683594;209.13999938964844;180.1199951171875;575.1699829101562;418.2099914550781;145.89999389648438;224.00999450683594;209.39999389648438;182.14999389648438;582.6099853515625;421.6400146484375;149.07000732421875;48566200;46212900;13969700;10757600;21502200;191903300
2024-11-14 00:00:00+00:00;228.22000122070312;211.47999572753906;177.35000610351562;577.1599731445312;426.0372314453125;146.7498779296875;228.22000122070312;211.47999572753906;177.35000610351562;577.1599731445312;426.8900146484375;146.75999450683594;228.8699951171875;215.89999389648438;180.44500732421875;580.760009765625;428.1700134277344;149.0;225.0;210.8800048828125;176.02999877929688;573.010009765625;420.0;145.5500030517578;225.02000427246094;214.16000366210938;179.75;577.0;425.0;147.63999938964844;44923900;42620300;17925800;11053700;30246900;194463300
2024-11-15 00:00:00+00:00;225.0;202.61000061035156;173.88999938964844;554.0800170898438;414.1709899902344;141.97021484375;225.0;202.61000061035156;173.88999938964844;554.0800170898438;415.0;141.97999572753906;226.9199981689453;207.33999633789062;175.8800048828125;572.5700073242188;422.79998779296875;145.24000549316406;224.27000427246094;199.61000061035156;172.7449951171875;551.5;413.6400146484375;140.0800018310547;226.39999389648438;206.75999450683594;175.63999938964844;571.219970703125;419.82000732421875;144.8699951171875;47923700;86591100;21708900;17712900;28247600;250132900
2024-11-18 00:00:00+00:00;228.02000427246094;201.6999969482422;176.8000030517578;554.4000244140625;414.9294738769531;140.1403350830078;228.02000427246094;201.6999969482422;176.8000030517578;554.4000244140625;415.760009765625;140.14999389648438;229.74000549316406;204.6699981689453;176.91000366210938;559.9000244140625;418.3999938964844;141.5500030517578;225.1699981689453;200.9499969482422;174.4199981689453;550.0900268554688;412.1000061035156;137.14999389648438;225.25;204.14999389648438;174.9550018310547;557.0399780273438;414.8699951171875;139.5;44686000;36512500;18725400;14346700;24742000;221866000
2024-11-19 00:00:00+00:00;228.27999877929688;204.61000061035156;179.5800018310547;561.0900268554688;416.9554138183594;146.99986267089844;228.27999877929688;204.61000061035156;179.5800018310547;561.0900268554688;417.7900085449219;147.00999450683594;230.16000366210938;205.3000030517578;180.1699981689453;561.4299926757812;417.94000244140625;147.1300048828125;226.66000366210938;198.77999877929688;175.11599731445312;550.5999755859375;411.54998779296875;140.99000549316406;226.97999572753906;199.3300018310547;175.23500061035156;551.8599853515625;413.1099853515625;141.32000732421875;36211800;31197900;15392900;9522400;18133500;227834900
2024-11-20 00:00:00+00:00;229.0;202.8800048828125;177.3300018310547;565.52001953125;414.65997314453125;145.87994384765625;229.0;202.8800048828125;177.3300018310547;565.52001953125;415.489990234375;145.88999938964844;229.92999267578125;203.1300048828125;179.11000061035156;566.3499755859375;417.2900085449219;147.55999755859375;225.88999938964844;199.4499969482422;175.3300018310547;554.2000122070312;410.5799865722656;142.72999572753906;228.05999755859375;202.97999572753906;178.8300018310547;562.9299926757812;416.8699951171875;147.41000366210938;35169600;32769000;15729800;9797300;19191700;309871700
2024-11-21 00:00:00+00:00;228.52000427246094;198.3800048828125;169.24000549316406;563.0900268554688;412.8699951171875;146.65989685058594;228.52000427246094;198.3800048828125;169.24000549316406;563.0900268554688;412.8699951171875;146.6699981689453;230.16000366210938;203.49000549316406;175.5800018310547;570.0;419.7799987792969;152.88999938964844;225.7100067138672;195.75;165.30999755859375;549.0499877929688;410.2900085449219;140.6999969482422;228.8800048828125;203.49000549316406;175.4550018310547;569.52001953125;419.5;149.35000610351562;42108300;58800000;38839400;11154700;20780200;400946600
2024-11-22 00:00:00+00:00;229.8699951171875;197.1199951171875;166.57000732421875;559.1400146484375;417.0;141.94021606445312;229.8699951171875;197.1199951171875;166.57000732421875;559.1400146484375;417.0;141.9499969482422;230.72000122070312;199.25999450683594;168.26499938964844;563.8300170898438;417.3999938964844;147.16000366210938;228.05999755859375;196.75;165.7100067138672;554.5900268554688;411.05999755859375;141.10000610351562;228.05999755859375;198.25;167.16000366210938;563.5499877929688;411.3699951171875;145.92999267578125;38168300;31530800;24497000;9164000;24814600;236406200
2024-11-25 00:00:00+00:00;232.8699951171875;201.4499969482422;169.42999267578125;565.1099853515625;418.7900085449219;136.01063537597656;232.8699951171875;201.4499969482422;169.42999267578125;565.1099853515625;418.7900085449219;136.02000427246094;233.25;201.9499969482422;170.4600067138672;572.5900268554688;421.0799865722656;142.0500030517578;229.74000549316406;199.0;167.39999389648438;556.3900146484375;414.8500061035156;135.82000732421875;231.4600067138672;199.27999877929688;167.99000549316406;562.0999755859375;418.3800048828125;141.99000549316406;90152800;40685700;21395700;13599800;27691100;344941900
2024-11-26 00:00:00+00:00;235.05999755859375;207.86000061035156;170.6199951171875;573.5399780273438;427.989990234375;136.9105682373047;235.05999755859375;207.86000061035156;170.6199951171875;573.5399780273438;427.989990234375;136.9199981689453;235.57000732421875;208.0;171.4949951171875;577.5;429.0400085449219;139.3000030517578;233.3300018310547;201.7899932861328;169.42999267578125;565.2000122070312;418.8500061035156;135.6699981689453;233.3300018310547;201.89999389648438;169.49000549316406;566.0;419.5899963378906;137.6999969482422;45986200;41673700;14937500;10356600;23458900;190287700
2024-11-27 00:00:00+00:00;234.92999267578125;205.74000549316406;170.82000732421875;569.2000122070312;422.989990234375;135.33067321777344;234.92999267578125;205.74000549316406;170.82000732421875;569.2000122070312;422.989990234375;135.33999633789062;235.69000244140625;207.63999938964844;171.13999938964844;574.97998046875;427.2300109863281;137.22000122070312;233.80999755859375;205.0500030517578;169.6699981689453;564.0999755859375;422.0199890136719;131.8000030517578;234.47000122070312;206.97999572753906;170.67999267578125;574.8900146484375;425.1099853515625;135.00999450683594;33498400;28061600;12433400;7200200;18332400;226370900
2024-11-29 00:00:00+00:00;237.3300018310547;207.88999938964844;170.49000549316406;574.3200073242188;423.4599914550781;138.240478515625;237.3300018310547;207.88999938964844;170.49000549316406;574.3200073242188;423.4599914550781;138.25;237.80999755859375;208.1999969482422;170.8699951171875;578.4600219726562;424.8800048828125;139.35000610351562;233.97000122070312;204.58999633789062;168.75;566.9000244140625;417.79998779296875;136.0500030517578;234.80999755859375;205.8300018310547;170.05999755859375;569.0;420.0899963378906;136.77999877929688;28481400;24892400;9250700;7130500;16271900;141863200
2024-12-02 00:00:00+00:00;239.58999633789062;210.7100067138672;172.97999572753906;592.8300170898438;430.9800109863281;138.62045288085938;239.58999633789062;210.7100067138672;172.97999572753906;592.8300170898438;430.9800109863281;138.6300048828125;240.7899932861328;212.99000549316406;173.60000610351562;594.5;433.0;140.4499969482422;237.16000366210938;209.50999450683594;170.27000427246094;575.5700073242188;421.30999755859375;137.82000732421875;237.27000427246094;209.9600067138672;170.32000732421875;577.5;421.57000732421875;138.8300018310547;48137100;39523200;16593400;12522400;20207200;171682800
2024-12-03 00:00:00+00:00;242.64999389648438;213.44000244140625;173.02000427246094;613.6500244140625;431.20001220703125;140.25033569335938;242.64999389648438;213.44000244140625;173.02000427246094;613.6500244140625;431.20001220703125;140.25999450683594;242.75999450683594;214.02000427246094;174.32000732421875;614.2000122070312;432.4700012207031;140.5399932861328;238.89999389648438;209.64999389648438;172.50999450683594;591.25;427.739990234375;137.9499969482422;239.80999755859375;210.30999755859375;173.1199951171875;595.0;429.8399963378906;138.25999450683594;38861000;32214800;15721500;14907200;18302000;164414000
2024-12-04 00:00:00+00:00;243.00999450683594;218.16000366210938;176.08999633789062;613.780029296875;437.4200134277344;145.1300048828125;243.00999450683594;218.16000366210938;176.08999633789062;613.780029296875;437.4200134277344;145.13999938964844;244.11000061035156;220.0;176.42999267578125;617.780029296875;439.6700134277344;145.7899932861328;241.25;215.75;172.75;605.0999755859375;432.6300048828125;140.2899932861328;242.8699951171875;215.9600067138672;172.77999877929688;612.9600219726562;433.0299987792969;142.0;44383900;48745700;18239800;14697000;26009400;231224300
2024-12-05 00:00:00+00:00;243.0399932861328;220.5500030517578;174.30999755859375;608.9299926757812;442.6199951171875;145.05999755859375;243.0399932861328;220.5500030517578;174.30999755859375;608.9299926757812;442.6199951171875;145.05999755859375;244.5399932861328;222.14999389648438;177.7100067138672;619.9000244140625;444.6600036621094;146.5399932861328;242.1300048828125;217.3000030517578;174.00999450683594;607.0499877929688;436.1700134277344;143.9499969482422;243.99000549316406;218.02999877929688;177.32000732421875;617.0800170898438;437.9200134277344;145.11000061035156;40033900;41140200;16145500;8081200;21697800;172621200
2024-12-06 00:00:00+00:00;242.83999633789062;227.02999877929688;176.49000549316406;623.77001953125;443.57000732421875;142.44000244140625;242.83999633789062;227.02999877929688;176.49000549316406;623.77001953125;443.57000732421875;142.44000244140625;244.6300048828125;227.14999389648438;176.83900451660156;629.7899780273438;446.1000061035156;145.6999969482422;242.0800018310547;220.60000610351562;173.5500030517578;608.530029296875;441.7699890136719;141.30999755859375;242.91000366210938;220.75;173.8800048828125;610.0999755859375;442.29998779296875;144.60000610351562;36852100;44123400;13305200;16924300;18814400;187969300
